id,text,intent,secondary_intent,should_escalate,escalation_reason_code,sentiment,notes,annotator,label_source
vc5_001,hi i have account problem pls check ur DM thx,,,,,,,,
vc5_002,you guys fucking up big time,,,,,,,,
vc5_003,"My keeps pausing and turning itself off? (Nobody else is logged in / it’s not synced to anything, I’ve only had it a few days) 🤔",,,,,,,,
vc5_004,"Dear , When I'm in offline mode, the only thing I need to see is my downloaded songs/playlists. Sincerely, Everyone",,,,,,,,
vc5_005,Can just be available in my country already?,,,,,,,,
vc5_006,"Why are Im getting german songs on my discover weekly playlist?! Im not german, i dont speak a single word of german.",,,,,,,,
vc5_007,> : Never thought about adding new songs at the top of the list ?? bottom is too far #SaveMyFinger by #UX @user @user <url>,,,,,,,,
vc5_008,You over charged my account three times while i was trying to confirm my school.,,,,,,,,
vc5_009,"Hi , can you just add Maldives & Sri Lanka to your list of Spotify countries please! <url>",,,,,,,,
vc5_010,why is it impossible to add someone to my family plan? I️ fill out the info and the page keeps deleting my info <url>,,,,,,,,
vc5_011,is there a setting to never add songs by men with history of domestic violence or sexual assault to discover weekly and daily mix?,,,,,,,,
vc5_012,. hi there I can't connect to @user - not a good start when I've just renewed my premium subscription - please investigate,,,,,,,,
vc5_013,pls give android the cool swiping functions to save and queue songs thanks 😍,,,,,,,,
vc5_014,having to clear all app data in android to stop it from playing music I don't want to is the reason I don't buy a subscription,,,,,,,,
vc5_015,i already cleaned the cache... <url>,,,,,,,,
vc5_016,"I have a Family account and the invites have been sent to the members. However, they cant seem to get the address correct probably due to the way in which I keyed it in. Is there a way to view what I keyed in? I cant find it on my account page",,,,,,,,
vc5_017,When are putting the Festive playlist up? Asking for a mate...🎅🏻❄️,,,,,,,,
vc5_018,"BRING BACK BTOB'S ""COMPLETE"" AND ""I MEAN"" ALBUM, PLEASE! <url>",,,,,,,,
vc5_019,Hi! I need help with ordering and I think I just purchased a years subscription for the wrong account. How can I cancel?,,,,,,,,
vc5_020,how do I set my free Hulu subscription up? <url>,,,,,,,,
vc5_021,i have a question,,,,,,,,
vc5_022,I signed up for the student discount (spotify+Hulu). I was charged twice & cannot access spotify premium when I log in!,,,,,,,,
vc5_023,how can i remove someone on my family premium plan?,,,,,,,,
vc5_024,Hoping for the day @user is available on .,,,,,,,,
vc5_025,Typo in this song title: <url>,,,,,,,,
vc5_026,why am I paying for my premium account in EUR when I live in Canada? Just noticed I'm over paying bc the I'm charged in EUR :(,,,,,,,,
vc5_027,why does your website have trouble loading on a multi weekly basis? THIS IS A SERVICE I PAY $120 A YEAR FOR GET YOUR LIFE TOGETHER!,,,,,,,,
vc5_028,I can’t find my username and I need help please need to change setting on my account,,,,,,,,
vc5_029,"Hey , I just signed up for the 7 day free premium trial and now it’s gone back to free without asking if I’d like to upgrade and there’s no option to. Can you help? ☺️",,,,,,,,
vc5_030,when will taylor swifts reputation album be available on spotify ???,,,,,,,,
vc5_031,"@user Hello, I need your help for students payment on my Spotify account, can you help me?",,,,,,,,
vc5_032,"""The next 30 minutes are ad free..."" *5 minutes later* ""The next 30 minutes are ad free""....go away @user",,,,,,,,
vc5_033,@user I'm trying to cancel my premium but according to my account I don't have it but on my app it says I do. Help? <url>,,,,,,,,
vc5_034,"hi, my dad can't seem to activate the Family invitation I've sent. Below error appears after filling up info.. Help! <url>",,,,,,,,
vc5_035,Forgot my email and username to my account,,,,,,,,
vc5_036,really annoyed!!! You have been charging me something I didn't ask for!! I never signed up for headspace!,,,,,,,,
vc5_037,hey i’m trying to cancel my account but it won’t let me. please help,,,,,,,,
vc5_038,I received a suspicious email from the address __email__. Is it safe to open it.,,,,,,,,
vc5_039,so my phone always plays songs in order no matter how many times I press shuffle if I select 'all songs' on Android. Is this a thing?,,,,,,,,
vc5_040,All family redemption codes are invalid. Ongoing problem😡,,,,,,,,
vc5_041,Why does the German podcast “fest und flauschig” refuse to play on spotify connect?,,,,,,,,
vc5_042,My facebook friends are not appearing in the spotify list. This is a bug I have been complaining in a long time. What can I do to fix it? I tried to clean the cache of all the devices connected plus I changed all the settings of the social networks. <url>,,,,,,,,
vc5_043,why remove the preview feature? ☹️,,,,,,,,
vc5_044,Yooooo where is take care why is the album all of a sudden gone,,,,,,,,
vc5_045,"hi, when I sign up, weirdly I can't use choose my username, do you know what I can do?",,,,,,,,
vc5_046,@user I know ads pay for free use but it would be great if they were at least tied slightly to playlist choices....,,,,,,,,
vc5_047,do you know what shuffle means cuz i’m listening to a playlist with 100+ songs and i got 4 neck deep songs in a row,,,,,,,,
vc5_048,Excuse me you have a This Is: Emmylou Harris playlist but Goodbye (aka the greatest song ever) is not on it to whom can I address my complaint?,,,,,,,,
vc5_049,"I love that you have audio books but seriously, having to remember where you left off last time is such a painful experience...",,,,,,,,
vc5_050,how do i change my username? It’s a bunch of letters and numbers.,,,,,,,,
vc5_051,"""AIM me."" Always loved this nostalgic banger <url> #RIPAIM #RIPdragonangeluv #RIPSuhmRBreez",,,,,,,,
vc5_052,keeps removing all my songs from downloads and i'm mad as fuck,,,,,,,,
vc5_053,How come the new @user song isn't on 's #newmusicfriday? #givethepeoplewhattheywant #reputation,,,,,,,,
vc5_054,I am having problems with my local devices and offline playlists,,,,,,,,
vc5_055,Does have a blocking function of sorts? There are artists I don't want any music from ever. <url>,,,,,,,,
vc5_056,"Hey , I really need to change my account username. Is it possible?",,,,,,,,
vc5_057,Need Acid Rap by @user and K.I.D.S. by @user and Cul De Sac by @user on ASAAAAAP plzzzzz,,,,,,,,
vc5_058,Hey ! How can you not list Kid Creole & the Coconuts in Dr. Buzzard's OSB's related artists section?,,,,,,,,
vc5_059,how am I supposed to use you if I can't make an account because there is always an error?,,,,,,,,
vc5_060,"Problem with @user ad is back to being repetitive. It was fine for coupe weeks, now....",,,,,,,,
vc5_061,You know what would be great? If would finally offer lossless music quality. 320 kbit/s just aren’t enough... <url>,,,,,,,,
vc5_062,"sent you a DM like half an hour ago, still no replies while you deal w/others. Can you check please?",,,,,,,,
vc5_063,internal search is really weak e.g can’t search lyrics too arbitrary,,,,,,,,
vc5_064,My @user app keeps crashing . But tbf so does every other app too but not sure about what phone to get,,,,,,,,
vc5_065,when are you going to launch in India?,,,,,,,,
vc5_066,i want #sheep so put it thank u,,,,,,,,
vc5_067,Is service down in Toronto area? Neither iOS nor the web player are working.,,,,,,,,
vc5_068,Hi i just got charged from you guys for some reason but never remembered getting spotify? I sent a dm,,,,,,,,
vc5_069,Whyyyyy is @user not on 😱😱😱,,,,,,,,
vc5_070,"what is the point of this page? I click a link to upgrade to premium, card details ready. No way to actually upgrade? Madness <url>",,,,,,,,
vc5_071,Sent you a DM about an account issue 🙃,,,,,,,,
vc5_072,did not realize i could merge my Spotify artist profile with my user account till now lol.... asking for the merge rights,,,,,,,,
vc5_073,is there a way to save an album but not have every track in the album in your saved songs?,,,,,,,,
vc5_074,Hey ! So the official page of @user says that Perfect Velvet is available on Spotify but when I click on the link or looks for it on the app it says it doesn’t exist. Care to enlighten me?,,,,,,,,
vc5_075,"I am sad that you stopped allowing student discounts NUS cards, mostly because you gave me no warning just started charging me double :(",,,,,,,,
vc5_076,how can I disable behind the lyrics? I hate that feature. I've done this and doesn't works <url>,,,,,,,,
vc5_077,"Hi Spotify! We have a Premium Spotify account for the magazine, and tried to connect it to the magazine's Facebook account, but instead it tied to a personal FB account and displays a personal username now. Can you help? Takk!",,,,,,,,
vc5_078,i don’t pay u for this bullshit tf <url>,,,,,,,,
vc5_079,can we get the Josie and the Pussycats soundtrack on please? Cc;,,,,,,,,
vc5_080,help!!!! My Facebook account got deleted and now I can’t log in to my account. How can I fix this?,,,,,,,,
vc5_081,"having problems connecting two of family members to Premium for Family, did chat and said you were investigating last week?",,,,,,,,
vc5_082,Why is this still an issue? <url>,,,,,,,,
vc5_083,"my current email address (__email__). I would like to close both accounts and open a new, student premium account with my current email (__email__). I hope that all makes sense. Thanks for your help!",,,,,,,,
vc5_084,"hi, i cant redeem my spotify family. I keep getting '4 - Opps something went wrong please try again'",,,,,,,,
vc5_085,your ad free bit blew the speakers in my car : (,,,,,,,,
vc5_086,hey can you make your spotify premium ads quieter i'd prefer if i didn't go deaf before the age of 30,,,,,,,,
vc5_087,Um. All of my albums disappeared. Gone. My app is updated. Help,,,,,,,,
vc5_088,Does already have a Custom Application for Apple Watch ?,,,,,,,,
vc5_089,"For you, please!!! @user <url>",,,,,,,,
vc5_090,Can you update your app for iPhone X already 🙄🙄🙄,,,,,,,,
vc5_091,"Also your inability to use a premium code to discount a family plan is a show stopper . You could charge the difference of family plan cost and one premium gift card (if present), but you don't, so I won't upgrade. So you get less money/month from me.",,,,,,,,
vc5_092,Why haven’t u created an explicit filter after 5+ yrs of customer requests? Pandora did it...I’d rather not switch...,,,,,,,,
vc5_093,mfw still no in Serbia,,,,,,,,
vc5_094,needs to take some advice from SoundCloud and keep playing the music when you swipe away the app coz istg I do it every 5 minutes😑,,,,,,,,
vc5_095,"I cannot access Spotify on desktop app/via browser. Got an error 4, logged in/out and now get error 2 - can you help please?",,,,,,,,
vc5_096,I’ve been trying to get Spotify premium for three hours and it won’t let me pay with PayPal pls help me,,,,,,,,
vc5_097,"hey, how comes no other playlist displays the same as Time Capsule? I like it!",,,,,,,,
vc5_098,Why the F@@user did I sign up for family premium if my wife's iphone keeps taking over my samsung thru Spotify connect??? USELESS,,,,,,,,
vc5_099,"On a Huawei P8 Lite 2017 & I want Spotify to save to my SD card but there's no option to change storage location in app, help!",,,,,,,,
vc5_100,Does anyone know if #reputation is in yet??? @user,,,,,,,,
